fecha;diasem;mes;sem;analista;est;mg;ges;hfd
01/01/2020;miércoles;01/01/2020;30/12/2019;analista1;45,35641158;21,98899364;48,48045266;0,700459986
02/01/2020;jueves;01/01/2020;30/12/2019;analista1;41,3445184;20,81668216;50,34931588;0,740755543
03/01/2020;viernes;01/01/2020;30/12/2019;analista1;47,58214873;25,67005104;53,94891093;0,705204995
04/01/2020;sábado;01/01/2020;30/12/2019;analista1;45,96722393;22,38792239;48,7040993;0,696190306
05/01/2020;domingo;01/01/2020;30/12/2019;analista1;46,09838366;21,92860745;47,56914604;0,690414434
06/01/2020;lunes;01/01/2020;06/01/2020;analista1;44,21088039;21,64751351;48,96422174;0,71202743
07/01/2020;martes;01/01/2020;06/01/2020;analista1;43,89931029;22,63907579;51,57045894;0,725181224
08/01/2020;miércoles;01/01/2020;06/01/2020;analista1;47,5915338;24,72266653;51,94761454;0,696205136
09/01/2020;jueves;01/01/2020;06/01/2020;analista1;46,56285613;23,59170077;50,66635239;0,699363085
10/01/2020;viernes;01/01/2020;06/01/2020;analista1;46,34603653;23,46569973;50,63151347;0,701044673
11/01/2020;sábado;01/01/2020;06/01/2020;analista1;42,70837428;22,07690882;51,69222475;0,73523297
12/01/2020;domingo;01/01/2020;06/01/2020;analista1;46,93460186;23,90710652;50,93706044;0,697376532
13/01/2020;lunes;01/01/2020;13/01/2020;analista1;44,98950644;23,94598226;53,22570563;0,723308185
14/01/2020;martes;01/01/2020;13/01/2020;analista1;48,85377255;25,74876013;52,7057764;0,688826578
15/01/2020;miércoles;01/01/2020;13/01/2020;analista1;46,85739101;25,38415088;54,17320584;0,712216099
16/01/2020;jueves;01/01/2020;13/01/2020;analista1;43,56894009;23,02927281;52,85708756;0,733149627
17/01/2020;viernes;01/01/2020;13/01/2020;analista1;46,04985392;23,63902745;51,33355578;0,706514654
18/01/2020;sábado;01/01/2020;13/01/2020;analista1;45,62785115;22,48862524;49,28705752;0,701473158
19/01/2020;domingo;01/01/2020;13/01/2020;analista1;46,76219212;24,23464649;51,82530029;0,702666924
20/01/2020;lunes;01/01/2020;20/01/2020;analista1;45,87166189;24,38036995;53,14908802;0,715797447
21/01/2020;martes;01/01/2020;20/01/2020;analista1;45,25594892;22,80979063;50,40175088;0,709209776
22/01/2020;miércoles;01/01/2020;20/01/2020;analista1;45,19175382;23,90361481;52,89375337;0,720247697
23/01/2020;jueves;01/01/2020;20/01/2020;analista1;45,66529589;23,96307356;52,47545887;0,71458312
24/01/2020;viernes;01/01/2020;20/01/2020;analista1;45,96788843;23,75193405;51,67070941;0,708635831
25/01/2020;sábado;01/01/2020;20/01/2020;analista1;45,83816954;22,351866;48,76256234;0,697529067
26/01/2020;domingo;01/01/2020;20/01/2020;analista1;46,84440441;22,41104101;47,84144722;0,685092264
27/01/2020;lunes;01/01/2020;27/01/2020;analista1;44,54215297;22,66277512;50,87938865;0,717091247
28/01/2020;martes;01/01/2020;27/01/2020;analista1;44,28915915;21,28553005;48,06036163;0,707758572
29/01/2020;miércoles;01/01/2020;27/01/2020;analista1;45,47159071;22,03130187;48,45069532;0,699362829
30/01/2020;jueves;01/01/2020;27/01/2020;analista1;47,05117658;23,20566417;49,32005075;0,689488656
31/01/2020;viernes;01/01/2020;27/01/2020;analista1;43,43417454;22,73143098;52,33535855;0,732067724
01/02/2020;sábado;01/02/2020;27/01/2020;analista2;44,81666773;23,24330215;51,86307535;0,718938331
02/02/2020;domingo;01/02/2020;27/01/2020;analista2;46,4366955;22,43195412;48,30652542;0,690533117
03/02/2020;lunes;01/02/2020;03/02/2020;analista2;46,69955957;23,3938395;50,09434717;0,695772247
04/02/2020;martes;01/02/2020;03/02/2020;analista2;43,63929372;23,19515206;53,15198778;0,733817041
05/02/2020;miércoles;01/02/2020;03/02/2020;analista2;45,95839572;23,71066679;51,59158934;0,708376938
06/02/2020;jueves;01/02/2020;03/02/2020;analista2;44,45585583;22,74493241;51,16296151;0,718970883
07/02/2020;viernes;01/02/2020;03/02/2020;analista2;46,01236158;22,69594488;49,32575529;0,698380419
08/02/2020;sábado;01/02/2020;03/02/2020;analista2;47,26614634;23,80743709;50,36889811;0,692112874
09/02/2020;domingo;01/02/2020;03/02/2020;analista2;43,1576281;21,83386646;50,59097875;0,727199483
10/02/2020;lunes;01/02/2020;10/02/2020;analista2;46,93256123;22,63169862;48,22174206;0,685906732
11/02/2020;martes;01/02/2020;10/02/2020;analista2;42,48386642;22,43344047;52,80461116;0,741506829
12/02/2020;miércoles;01/02/2020;10/02/2020;analista2;45,16060525;22,51230782;49,84943778;0,707717487
13/02/2020;jueves;01/02/2020;10/02/2020;analista2;43,7023248;21,86068956;50,02180012;0,72047827
14/02/2020;viernes;01/02/2020;10/02/2020;analista2;48,06006982;23,94741395;49,82808815;0,682947588
15/02/2020;sábado;01/02/2020;10/02/2020;analista2;44,04363311;22,86119868;51,90579675;0,72539845
16/02/2020;domingo;01/02/2020;10/02/2020;analista2;44,47303252;22,34627491;50,24679823;0,715058646
17/02/2020;lunes;01/02/2020;17/02/2020;analista2;44,56307732;21,27438525;47,73993747;0,704178975
18/02/2020;martes;01/02/2020;17/02/2020;analista2;45,60044974;23,39125331;51,29610221;0,710095813
19/02/2020;miércoles;01/02/2020;17/02/2020;analista2;43,87232093;22,76400483;51,88693998;0,726703643
20/02/2020;jueves;01/02/2020;17/02/2020;analista2;41,72898974;21,49523837;51,51152353;0,742260839
21/02/2020;viernes;01/02/2020;17/02/2020;analista2;44,9358306;23,01074133;51,20800266;0,715218855
22/02/2020;sábado;01/02/2020;17/02/2020;analista2;44,13299974;22,70164683;51,43916561;0,722745026
23/02/2020;domingo;01/02/2020;17/02/2020;analista2;43,36575142;22,30006207;51,4232115;0,72888409
24/02/2020;lunes;01/02/2020;24/02/2020;analista2;40,20387908;21,15508578;52,619514;0,75840175
25/02/2020;martes;01/02/2020;24/02/2020;analista2;44,67668941;23,58385782;52,78783662;0,723974137
26/02/2020;miércoles;01/02/2020;24/02/2020;analista2;45,81615391;22,9875433;50,17344612;0,703572492
27/02/2020;jueves;01/02/2020;24/02/2020;analista2;44,94852667;22,22454234;49,44442896;0,707825772
28/02/2020;viernes;01/02/2020;24/02/2020;analista2;42,75601326;21,73577394;50,8367649;0,731419572
29/02/2020;sábado;01/02/2020;24/02/2020;analista2;44,8620759;22,30266579;49,71385148;0,70965014
01/03/2020;domingo;01/03/2020;24/02/2020;analista1;44,16386395;23,7538921;53,78581033;0,732314574
02/03/2020;lunes;01/03/2020;02/03/2020;analista1;48,54042667;24,91358264;51,32542986;0,685337976
03/03/2020;martes;01/03/2020;02/03/2020;analista1;45,00079524;23,20842251;51,57336084;0,716214024
04/03/2020;miércoles;01/03/2020;02/03/2020;analista1;46,03078663;23,54453001;51,1495278;0,705890806
05/03/2020;jueves;01/03/2020;02/03/2020;analista1;43,75262669;23,18507238;52,99126962;0,732245347
06/03/2020;viernes;01/03/2020;02/03/2020;analista1;45,864941;21,05342641;45,90309276;0,685717651
07/03/2020;sábado;01/03/2020;02/03/2020;analista1;44,86907382;22,63389002;50,44429959;0,712597883
08/03/2020;domingo;01/03/2020;02/03/2020;analista1;46,66463352;23,62623418;50,62985048;0,698346689
09/03/2020;lunes;01/03/2020;09/03/2020;analista1;45,89745644;23,00554856;50,12379845;0,70268107
10/03/2020;martes;01/03/2020;09/03/2020;analista1;47,12973892;23,55861922;49,98673823;0,691644506
11/03/2020;miércoles;01/03/2020;09/03/2020;analista1;47,38532417;24,79787493;52,33239483;0,699643471
12/03/2020;jueves;01/03/2020;09/03/2020;analista1;44,51383137;23,0995459;51,89296268;0,721532392
13/03/2020;viernes;01/03/2020;09/03/2020;analista1;46,64107768;23,82476521;51,08107786;0,700475981
14/03/2020;sábado;01/03/2020;09/03/2020;analista1;46,48250861;24,15506359;51,96592076;0,705617196
15/03/2020;domingo;01/03/2020;09/03/2020;analista1;45,61250719;22,96582562;50,3498427;0,706017728
16/03/2020;lunes;01/03/2020;16/03/2020;analista1;46,61730976;23,58450419;50,59173151;0,698584622
17/03/2020;martes;01/03/2020;16/03/2020;analista1;45,9714074;23,37394894;50,84453634;0,70509431
18/03/2020;miércoles;01/03/2020;16/03/2020;analista1;44,1882457;22,57340407;51,0846351;0,720834406
19/03/2020;jueves;01/03/2020;16/03/2020;analista1;45,49536768;24,79635271;54,5030274;0,724760491
20/03/2020;viernes;01/03/2020;16/03/2020;analista1;45,80219727;24,70278626;53,93362705;0,71978497
21/03/2020;sábado;01/03/2020;16/03/2020;analista1;46,17542027;23,33022019;50,52519296;0,702031229
22/03/2020;domingo;01/03/2020;16/03/2020;analista1;46,87314232;23,42642147;49,97834647;0,693801422
23/03/2020;lunes;01/03/2020;23/03/2020;analista1;46,62205437;22,43481666;48,12060936;0,688168884
24/03/2020;martes;01/03/2020;23/03/2020;analista1;47,18524023;24,04815807;50,96542467;0,695371678
25/03/2020;miércoles;01/03/2020;23/03/2020;analista1;43,98125133;24,13904341;54,88484906;0,738439788
26/03/2020;jueves;01/03/2020;23/03/2020;analista1;47,08269573;26,22896476;55,70829018;0,717318174
27/03/2020;viernes;01/03/2020;23/03/2020;analista1;46,05659547;23,42784366;50,86751076;0,704478065
28/03/2020;sábado;01/03/2020;23/03/2020;analista1;44,93031707;21,9927108;48,94848788;0,705955604
29/03/2020;domingo;01/03/2020;23/03/2020;analista1;45,94275621;23,35674093;50,83878908;0,705309827
30/03/2020;lunes;01/03/2020;30/03/2020;analista1;42,86701316;21,6128152;50,41829046;0,728856215
31/03/2020;martes;01/03/2020;30/03/2020;analista1;42,54426603;20,7630214;48,80333672;0,72511263
01/04/2020;miércoles;01/04/2020;30/03/2020;analista2;45,04478133;21,18714959;47,03574745;0,697287541
02/04/2020;jueves;01/04/2020;30/03/2020;analista2;43,11424517;21,94195209;50,89258086;0,728762201
03/04/2020;viernes;01/04/2020;30/03/2020;analista2;44,38937545;22,41867941;50,50460651;0,716804304
04/04/2020;sábado;01/04/2020;30/03/2020;analista2;42,10893055;21,86694326;51,92946716;0,74092928
05/04/2020;domingo;01/04/2020;30/03/2020;analista2;43,81540482;21,50979015;49,09184393;0,7158166
06/04/2020;lunes;01/04/2020;06/04/2020;analista2;42,44084163;22,04093283;51,9333076;0,738325386
07/04/2020;martes;01/04/2020;06/04/2020;analista2;45,8522182;22,96685402;50,0888614;0,702915363
08/04/2020;miércoles;01/04/2020;06/04/2020;analista2;44,87125027;22,2304289;49,54269998;0,708873007
09/04/2020;jueves;01/04/2020;06/04/2020;analista2;46,54904029;24,83166548;53,34517173;0,711083464
10/04/2020;viernes;01/04/2020;06/04/2020;analista2;43,45969373;22,17739643;51,02980376;0,726528074
11/04/2020;sábado;01/04/2020;06/04/2020;analista2;47,23375248;25,75636899;54,52958455;0,710717496
12/04/2020;domingo;01/04/2020;06/04/2020;analista2;46,06428851;21,99838913;47,75584263;0,6914692
13/04/2020;lunes;01/04/2020;13/04/2020;analista2;45,47285679;23,10393133;50,80818088;0,709101833
14/04/2020;martes;01/04/2020;13/04/2020;analista2;46,06761837;23,5291524;51,0752525;0,705267214
15/04/2020;miércoles;01/04/2020;13/04/2020;analista2;44,69158886;22,62730755;50,62990178;0,714831155
16/04/2020;jueves;01/04/2020;13/04/2020;analista2;44,13115468;22,81689902;51,70247455;0,723848156
17/04/2020;viernes;01/04/2020;13/04/2020;analista2;46,60192012;23,5434296;50,52029947;0,698410609
18/04/2020;sábado;01/04/2020;13/04/2020;analista2;44,61232705;22,64779764;50,76578411;0,716045197
19/04/2020;domingo;01/04/2020;13/04/2020;analista2;42,70093657;22,0620439;51,66641688;0,735188171
20/04/2020;lunes;01/04/2020;20/04/2020;analista2;43,81904778;21,94577553;50,08273032;0,719768246
21/04/2020;martes;01/04/2020;20/04/2020;analista2;46,39048112;22,61755112;48,75472419;0,692786538
22/04/2020;miércoles;01/04/2020;20/04/2020;analista2;44,52661897;22,38447532;50,27212;0,71472017
23/04/2020;jueves;01/04/2020;20/04/2020;analista2;44,03209607;22,04732737;50,07103758;0,717972868
24/04/2020;viernes;01/04/2020;20/04/2020;analista2;43,46139066;21,48494609;49,43455734;0,720098969
25/04/2020;sábado;01/04/2020;20/04/2020;analista2;42,28927346;21,73263733;51,39042493;0,737353663
26/04/2020;domingo;01/04/2020;20/04/2020;analista2;44,32123126;22,48467469;50,73115988;0,718293686
27/04/2020;lunes;01/04/2020;27/04/2020;analista2;43,55726131;20,7987753;47,75042019;0,712649822
28/04/2020;martes;01/04/2020;27/04/2020;analista2;44,0571817;21,57845279;48,97828676;0,713360298
29/04/2020;miércoles;01/04/2020;27/04/2020;analista2;41,99041899;22,38410671;53,30765267;0,747393073
30/04/2020;jueves;01/04/2020;27/04/2020;analista2;45,24152002;23,92030324;52,87245705;0,719751554
01/05/2020;viernes;01/05/2020;27/04/2020;analista1;46,39552596;23,76975143;51,23285261;0,703191647
02/05/2020;sábado;01/05/2020;27/04/2020;analista1;45,2351916;23,16598942;51,21231633;0,712767796
03/05/2020;domingo;01/05/2020;27/04/2020;analista1;46,43171345;22,8578324;49,22892286;0,694409922
04/05/2020;lunes;01/05/2020;04/05/2020;analista1;48,83942124;24,87855097;50,93948769;0,681038231
05/05/2020;martes;01/05/2020;04/05/2020;analista1;46,34878257;22,55681585;48,66754767;0,692781657
06/05/2020;miércoles;01/05/2020;04/05/2020;analista1;43,83883589;20,95366153;47,79702996;0,710484068
07/05/2020;jueves;01/05/2020;04/05/2020;analista1;44,6946986;23,21504443;51,94138267;0,720262205
08/05/2020;viernes;01/05/2020;04/05/2020;analista1;47,29052263;24,78453082;52,4090863;0,700779746
09/05/2020;sábado;01/05/2020;04/05/2020;analista1;48,45714079;24,46824428;50,49461005;0,682399856
10/05/2020;domingo;01/05/2020;04/05/2020;analista1;45,42472853;21,96186274;48,34781285;0,699341032
11/05/2020;lunes;01/05/2020;11/05/2020;analista1;46,05723127;23,53705652;51,10393282;0,705475964
12/05/2020;martes;01/05/2020;11/05/2020;analista1;45,38807593;22,56935465;49,72529501;0,705301161
13/05/2020;miércoles;01/05/2020;11/05/2020;analista1;45,65322537;23,16089883;50,73222899;0,707280197
14/05/2020;jueves;01/05/2020;11/05/2020;analista1;45,86955587;23,65878269;51,57839931;0,709059222
15/05/2020;viernes;01/05/2020;11/05/2020;analista1;46,60042797;23,46754182;50,35906931;0,697737578
16/05/2020;sábado;01/05/2020;11/05/2020;analista1;44,3276797;22,53258899;50,83187106;0,718654717
17/05/2020;domingo;01/05/2020;11/05/2020;analista1;46,88203202;23,94466973;51,07430012;0,698412166
18/05/2020;lunes;01/05/2020;18/05/2020;analista1;45,79135769;22,63024423;49,42033907;0,700643834
19/05/2020;martes;01/05/2020;18/05/2020;analista1;45,39038674;22,89748668;50,44567434;0,708272803
20/05/2020;miércoles;01/05/2020;18/05/2020;analista1;46,09924567;21,33938847;46,29010337;0,685231824
21/05/2020;jueves;01/05/2020;18/05/2020;analista1;44,57837267;22,48412913;50,43730353;0,714971356
22/05/2020;viernes;01/05/2020;18/05/2020;analista1;43,94798132;23,47058827;53,4053842;0,732424533
23/05/2020;sábado;01/05/2020;18/05/2020;analista1;46,87014892;24,75231137;52,81039626;0,70606622
24/05/2020;domingo;01/05/2020;18/05/2020;analista1;44,08357347;23,24704878;52,7340389;0,728524775
25/05/2020;lunes;01/05/2020;25/05/2020;analista1;46,21553441;24,53858344;53,09596385;0,712741266
26/05/2020;martes;01/05/2020;25/05/2020;analista1;47,22410876;23,39587609;49,54222898;0,688943213
27/05/2020;miércoles;01/05/2020;25/05/2020;analista1;47,00806167;23,84177905;50,71848997;0,695813763
28/05/2020;jueves;01/05/2020;25/05/2020;analista1;45,70403835;22,79813732;49,88210701;0,703298596
29/05/2020;viernes;01/05/2020;25/05/2020;analista1;42,7550381;23,40514033;54,74241486;0,747373416
30/05/2020;sábado;01/05/2020;25/05/2020;analista1;46,41539458;22,59545671;48,68095362;0,692266928
31/05/2020;domingo;01/05/2020;25/05/2020;analista1;46,32401941;23,66204492;51,07942968;0,703136212
01/06/2020;lunes;01/06/2020;01/06/2020;analista2;48,01452047;24,69698886;51,43650009;0,690350608
02/06/2020;martes;01/06/2020;01/06/2020;analista2;48,08575294;24,69635549;51,35898677;0,689398865
03/06/2020;miércoles;01/06/2020;01/06/2020;analista2;46,18292214;23,46811499;50,81556971;0,703198123
04/06/2020;jueves;01/06/2020;01/06/2020;analista2;47,16121134;25,30114461;53,6482077;0,707357407
05/06/2020;viernes;01/06/2020;01/06/2020;analista2;49,2232086;25,42170288;51,64576549;0,680852116
06/06/2020;sábado;01/06/2020;01/06/2020;analista2;47,29823707;24,39523941;51,57748135;0,697069371
07/06/2020;domingo;01/06/2020;01/06/2020;analista2;50,23279147;24,8993372;49,56789473;0,66267336
08/06/2020;lunes;01/06/2020;08/06/2020;analista2;48,68673611;24,80789216;50,95410813;0,682428853
09/06/2020;martes;01/06/2020;08/06/2020;analista2;48,97735225;25,36990396;51,79925577;0,683673886
10/06/2020;miércoles;01/06/2020;08/06/2020;analista2;47,82268994;24,72045078;51,69188687;0,693114008
11/06/2020;jueves;01/06/2020;08/06/2020;analista2;47,23694709;24,3612949;51,57254311;0,697566845
12/06/2020;viernes;01/06/2020;08/06/2020;analista2;46,36092852;24,39980987;52,63011473;0,709509743
13/06/2020;sábado;01/06/2020;08/06/2020;analista2;45,77750268;23,07299532;50,40247714;0,704856475
14/06/2020;domingo;01/06/2020;08/06/2020;analista2;46,99977052;22,88272711;48,68689115;0,687267943
15/06/2020;lunes;01/06/2020;15/06/2020;analista2;47,90565824;24,27334183;50,66904981;0,687926062
16/06/2020;martes;01/06/2020;15/06/2020;analista2;48,18870068;22,80663988;47,32777511;0,671188548
17/06/2020;miércoles;01/06/2020;15/06/2020;analista2;47,86703447;22,0651307;46,0967155;0,668929915
18/06/2020;jueves;01/06/2020;15/06/2020;analista2;49,19046612;24,65290853;50,11724929;0,674339684
19/06/2020;viernes;01/06/2020;15/06/2020;analista2;45,10664679;22,43478924;49,73721355;0,707705847
20/06/2020;sábado;01/06/2020;15/06/2020;analista2;46,11253755;23,81332958;51,64176783;0,707308275
21/06/2020;domingo;01/06/2020;15/06/2020;analista2;49,03933092;25,04173211;51,06458763;0,679853878
22/06/2020;lunes;01/06/2020;22/06/2020;analista2;47,09259263;23,55793147;50,02470697;0,692124224
23/06/2020;martes;01/06/2020;22/06/2020;analista2;49,15572336;23,97678454;48,77719806;0,668799344
24/06/2020;miércoles;01/06/2020;22/06/2020;analista2;46,88931701;23,47140294;50,05703738;0,693997865
25/06/2020;jueves;01/06/2020;22/06/2020;analista2;47,8103879;24,52864816;51,30401412;0,691515533
26/06/2020;viernes;01/06/2020;22/06/2020;analista2;44,95292666;21,80120639;48,49785766;0,703937629
27/06/2020;sábado;01/06/2020;22/06/2020;analista2;47,05558068;25,0088951;53,14756452;0,706009325
28/06/2020;domingo;01/06/2020;22/06/2020;analista2;45,7860353;20,92406965;45,69967569;0,685593764
29/06/2020;lunes;01/06/2020;29/06/2020;analista2;47,59794976;23,97399661;50,36770854;0,689264829
30/06/2020;martes;01/06/2020;29/06/2020;analista2;47,54267842;25,87563475;54,42611904;0,707693366
01/07/2020;miércoles;01/07/2020;29/06/2020;analista3;48,50921501;23,83586738;49,13678232;0,676050304
02/07/2020;jueves;01/07/2020;29/06/2020;analista3;43,84327572;21,92180969;50,00039192;0,719237012
03/07/2020;viernes;01/07/2020;29/06/2020;analista3;51,1054515;25,31898555;49,54263158;0,654711895
04/07/2020;sábado;01/07/2020;29/06/2020;analista3;48,79986858;24,50527219;50,21585695;0,678194795
05/07/2020;domingo;01/07/2020;29/06/2020;analista3;46,78755722;23,43737476;50,09317894;0,695018524
06/07/2020;lunes;01/07/2020;06/07/2020;analista3;50,69438478;26,54593024;52,36463634;0,671244158
07/07/2020;martes;01/07/2020;06/07/2020;analista3;44,51706545;21,88600475;49,16317939;0,710281613
08/07/2020;miércoles;01/07/2020;06/07/2020;analista3;48,19650294;24,89995616;51,66340841;0,689793167
09/07/2020;jueves;01/07/2020;06/07/2020;analista3;47,00015834;22,52377496;47,922764;0,684078782
10/07/2020;viernes;01/07/2020;06/07/2020;analista3;47,99769035;24,50737738;51,05949308;0,688839622
11/07/2020;sábado;01/07/2020;06/07/2020;analista3;47,98903146;25,58306431;53,31023264;0,698913064
12/07/2020;domingo;01/07/2020;06/07/2020;analista3;49,40727501;24,95798636;50,51480041;0,674191996
13/07/2020;lunes;01/07/2020;13/07/2020;analista3;49,03503132;25,1988141;51,38941165;0,681339047
14/07/2020;martes;01/07/2020;13/07/2020;analista3;44,8746293;22,51426263;50,17147325;0,711426032
15/07/2020;miércoles;01/07/2020;13/07/2020;analista3;46,48396789;24,92514883;53,62095785;0,712835674
16/07/2020;jueves;01/07/2020;13/07/2020;analista3;54,25610258;27,3817818;50,4676534;0,629923159
17/07/2020;viernes;01/07/2020;13/07/2020;analista3;48,45151997;25,23946123;52,09219699;0,68951456
18/07/2020;sábado;01/07/2020;13/07/2020;analista3;47,25790788;23,68942111;50,12795143;0,691150465
19/07/2020;domingo;01/07/2020;13/07/2020;analista3;46,65894378;23,54293408;50,45749469;0,697660256
20/07/2020;lunes;01/07/2020;20/07/2020;analista3;46,52506658;23,97442121;51,53011693;0,703380813
21/07/2020;martes;01/07/2020;20/07/2020;analista3;44,9515851;22,54382894;50,15135483;0,710704056
22/07/2020;miércoles;01/07/2020;20/07/2020;analista3;46,81075341;24,58975075;52,53013242;0,705331797
23/07/2020;jueves;01/07/2020;20/07/2020;analista3;44,77198242;23,53564894;52,56780617;0,722271448
24/07/2020;viernes;01/07/2020;20/07/2020;analista3;45,85317815;24,31782532;53,03411084;0,715450132
25/07/2020;sábado;01/07/2020;20/07/2020;analista3;46,55667463;23,50342237;50,48346464;0,698636815
26/07/2020;domingo;01/07/2020;20/07/2020;analista3;43,37824318;22,38745475;51,60986962;0,729543873
27/07/2020;lunes;01/07/2020;27/07/2020;analista3;50,54127524;25,04601663;49,55556921;0,659854521
28/07/2020;martes;01/07/2020;27/07/2020;analista3;48,60167862;24,75754561;50,93969245;0,683102669
29/07/2020;miércoles;01/07/2020;27/07/2020;analista3;43,18796367;21,86701949;50,63220775;0,727119789
30/07/2020;jueves;01/07/2020;27/07/2020;analista3;52,29738242;27,10189477;51,82266016;0,654373902
31/07/2020;viernes;01/07/2020;27/07/2020;analista3;48,86808432;25,128176;51,42042368;0,682926005
01/08/2020;sábado;01/08/2020;27/07/2020;analista3;48,99607521;25,66084875;52,37327406;0,686097755
02/08/2020;domingo;01/08/2020;27/07/2020;analista3;46,80403157;22,97903865;49,09628055;0,690668715
03/08/2020;lunes;01/08/2020;03/08/2020;analista3;44,59498194;23,23695696;52,10666301;0,721766828
04/08/2020;martes;01/08/2020;03/08/2020;analista3;49,36758523;24,22333944;49,06729653;0,668179548
05/08/2020;miércoles;01/08/2020;03/08/2020;analista3;47,11505248;22,04820412;46,79651822;0,678431419
06/08/2020;jueves;01/08/2020;03/08/2020;analista3;49,84504517;25,0687464;50,29335676;0,669346266
07/08/2020;viernes;01/08/2020;03/08/2020;analista3;46,18781555;23,32640877;50,50338166;0,701834668
08/08/2020;sábado;01/08/2020;03/08/2020;analista3;46,32095152;25,37706194;54,78527774;0,719337108
09/08/2020;domingo;01/08/2020;03/08/2020;analista3;46,51009563;24,67297662;53,04864736;0,710102457
10/08/2020;lunes;01/08/2020;10/08/2020;analista3;52,50451613;25,86636617;49,26503105;0,640673894
11/08/2020;martes;01/08/2020;10/08/2020;analista3;47,71790486;24,56167886;51,47266823;0,693044256
12/08/2020;miércoles;01/08/2020;10/08/2020;analista3;46,13733935;24,43700078;52,96577809;0,712817929
13/08/2020;jueves;01/08/2020;10/08/2020;analista3;45,1207207;24,13844376;53,49746943;0,723413571
14/08/2020;viernes;01/08/2020;10/08/2020;analista3;43,60789599;22,69310356;52,03897836;0,729457611
15/08/2020;sábado;01/08/2020;10/08/2020;analista3;44,46855528;23,22761115;52,23378859;0,723325737
16/08/2020;domingo;01/08/2020;10/08/2020;analista3;47,06603332;24,88618116;52,87503408;0,704716755
17/08/2020;lunes;01/08/2020;17/08/2020;analista3;45,22648671;23,00594176;50,86829297;0,711399224
18/08/2020;martes;01/08/2020;17/08/2020;analista3;46,51471878;22,21197817;47,75257973;0,687577341
19/08/2020;miércoles;01/08/2020;17/08/2020;analista3;47,30826052;24,19309728;51,13926621;0,695078385
20/08/2020;jueves;01/08/2020;17/08/2020;analista3;47,24024778;23,94423363;50,68608814;0,693698252
21/08/2020;viernes;01/08/2020;17/08/2020;analista3;48,00993053;22,81857897;47,52887314;0,673608607
22/08/2020;sábado;01/08/2020;17/08/2020;analista3;46,51836446;25,10019027;53,9575941;0,714042342
23/08/2020;domingo;01/08/2020;17/08/2020;analista3;48,98369782;24,59830734;50,2173344;0,676593593
24/08/2020;lunes;01/08/2020;24/08/2020;analista3;45,13015046;23,03883347;51,04975994;0,712955014
25/08/2020;martes;01/08/2020;24/08/2020;analista3;43,32388321;21,80448345;50,32901447;0,724800082
26/08/2020;miércoles;01/08/2020;24/08/2020;analista3;48,29883121;24,8862984;51,52567417;0,688305431
27/08/2020;jueves;01/08/2020;24/08/2020;analista3;48,40765008;24,82514985;51,28352608;0,686298008
28/08/2020;viernes;01/08/2020;24/08/2020;analista3;46,66252028;23,33308462;50,00390995;0,695704
29/08/2020;sábado;01/08/2020;24/08/2020;analista3;48,25866223;23,60928546;48,92237863;0,677324961
30/08/2020;domingo;01/08/2020;24/08/2020;analista3;49,12030467;24,00748629;48,87487252;0,669535627
31/08/2020;lunes;01/08/2020;31/08/2020;analista3;45,42427049;22,51678249;49,5699375;0,704355488
01/09/2020;martes;01/09/2020;31/08/2020;analista1;47,71867247;23,98270033;50,25852374;0,687755652
02/09/2020;miércoles;01/09/2020;31/08/2020;analista1;48,66181065;24,28575848;49,90722325;0,678051953
03/09/2020;jueves;01/09/2020;31/08/2020;analista1;47,32365497;24,9521846;52,72666412;0,701903776
04/09/2020;viernes;01/09/2020;31/08/2020;analista1;46,07449734;22,60368901;49,05900295;0,696745129
05/09/2020;sábado;01/09/2020;31/08/2020;analista1;47,18408054;24,64506935;52,23174653;0,700895336
06/09/2020;domingo;01/09/2020;31/08/2020;analista1;46,29872854;22,69384942;49,01613961;0,694657166
07/09/2020;lunes;01/09/2020;07/09/2020;analista1;47,27571823;24,3298299;51,46369175;0,696764415
08/09/2020;martes;01/09/2020;07/09/2020;analista1;47,02687932;24,37592123;51,83401829;0,70047955
09/09/2020;miércoles;01/09/2020;07/09/2020;analista1;48,0242089;25,88616785;53,90233062;0,70129677
10/09/2020;jueves;01/09/2020;07/09/2020;analista1;47,65963176;24,08890891;50,54363205;0,689495665
11/09/2020;viernes;01/09/2020;07/09/2020;analista1;47,76769925;23,60521833;49,41669517;0,683715558
12/09/2020;sábado;01/09/2020;07/09/2020;analista1;49,4165202;26,71829462;54,06753553;0,69026068
13/09/2020;domingo;01/09/2020;07/09/2020;analista1;46,41807389;23,43949285;50,49647881;0,699863782
14/09/2020;lunes;01/09/2020;14/09/2020;analista1;50,12373127;25,59991436;51,07344109;0,670379184
15/09/2020;martes;01/09/2020;14/09/2020;analista1;46,13056097;22,51592818;48,80913585;0,695232423
16/09/2020;miércoles;01/09/2020;14/09/2020;analista1;49,50525692;25,28909865;51,08366308;0,675868477
17/09/2020;jueves;01/09/2020;14/09/2020;analista1;47,62645362;25,11120411;52,72532847;0,699350894
18/09/2020;viernes;01/09/2020;14/09/2020;analista1;49,74204992;24,63558109;49,52667035;0,666865755
19/09/2020;sábado;01/09/2020;14/09/2020;analista1;47,49388174;24,23923893;51,03655048;0,693051621
20/09/2020;domingo;01/09/2020;14/09/2020;analista1;48,11356146;24,26389801;50,43047589;0,685095182
21/09/2020;lunes;01/09/2020;21/09/2020;analista1;48,1244353;25,43702019;52,85676607;0,695728159
22/09/2020;martes;01/09/2020;21/09/2020;analista1;46,85313784;24,14425387;51,53177564;0,700630669
23/09/2020;miércoles;01/09/2020;21/09/2020;analista1;47,21582452;23,88296459;50,58254268;0,693460737
24/09/2020;jueves;01/09/2020;21/09/2020;analista1;47,87662712;23,40160235;48,87897029;0,680476021
25/09/2020;viernes;01/09/2020;21/09/2020;analista1;48,92461571;25,6645817;52,45740069;0,687093521
26/09/2020;sábado;01/09/2020;21/09/2020;analista1;48,08397131;25,20090486;52,4101986;0,694072951
27/09/2020;domingo;01/09/2020;21/09/2020;analista1;47,06938624;25,15044767;53,43270793;0,707160058
28/09/2020;lunes;01/09/2020;28/09/2020;analista1;48,10227022;24,91674787;51,7995258;0,691202476
29/09/2020;martes;01/09/2020;28/09/2020;analista1;49,07005178;24,95349391;50,85279719;0,678645161
30/09/2020;miércoles;01/09/2020;28/09/2020;analista1;50,24828242;24,35652556;48,47235446;0,657713279
01/10/2020;jueves;01/10/2020;28/09/2020;analista2;43,61988475;22,23448395;50,97327533;0,725001493
02/10/2020;viernes;01/10/2020;28/09/2020;analista2;44,29216206;22,16359063;50,03953205;0,715704108
03/10/2020;sábado;01/10/2020;28/09/2020;analista2;43,26849744;22,59163021;52,21265251;0,732885897
04/10/2020;domingo;01/10/2020;28/09/2020;analista2;45,76629376;24,27335241;53,03761877;0,716177303
05/10/2020;lunes;01/10/2020;05/10/2020;analista2;44,62875256;23,27791036;52,15899845;0,721711931
06/10/2020;martes;01/10/2020;05/10/2020;analista2;44,28152213;22,34297911;50,45666463;0,717494403
07/10/2020;miércoles;01/10/2020;05/10/2020;analista2;47,03363553;24,49870098;52,08761922;0,701529181
08/10/2020;jueves;01/10/2020;05/10/2020;analista2;45,34322048;23,81342289;52,51815517;0,717406945
09/10/2020;viernes;01/10/2020;05/10/2020;analista2;45,90092522;21,68969768;47,25329081;0,690829599
10/10/2020;sábado;01/10/2020;05/10/2020;analista2;46,16228419;23,15729021;50,16495743;0,700622297
11/10/2020;domingo;01/10/2020;05/10/2020;analista2;44,63226415;22,22637103;49,79888754;0,711908864
12/10/2020;lunes;01/10/2020;12/10/2020;analista2;43,74702165;21,78078348;49,78803735;0,719170823
13/10/2020;martes;01/10/2020;12/10/2020;analista2;44,23307083;22,07459703;49,90518772;0,715645053
14/10/2020;miércoles;01/10/2020;12/10/2020;analista2;45,37602187;25,27368704;55,69833141;0,730987198
15/10/2020;jueves;01/10/2020;12/10/2020;analista2;45,46564764;22,86716405;50,29547632;0,707018635
16/10/2020;viernes;01/10/2020;12/10/2020;analista2;42,83082483;21,49828126;50,19347945;0,728253802
17/10/2020;sábado;01/10/2020;12/10/2020;analista2;46,67332247;23,48819599;50,32467103;0,696973209
18/10/2020;domingo;01/10/2020;12/10/2020;analista2;46,69896835;22,65252356;48,50754602;0,68911145
19/10/2020;lunes;01/10/2020;19/10/2020;analista2;43,60915304;22,56435186;51,74223825;0,728228514
20/10/2020;martes;01/10/2020;19/10/2020;analista2;44,00818289;21,11861618;47,98793041;0,709822957
21/10/2020;miércoles;01/10/2020;19/10/2020;analista2;46,70581246;24,40019173;52,24230229;0,704951358
22/10/2020;jueves;01/10/2020;19/10/2020;analista2;44,91239786;21,72660312;48,37551357;0,703784483
23/10/2020;viernes;01/10/2020;19/10/2020;analista2;48,78280382;25,60891039;52,49577389;0,68848563
24/10/2020;sábado;01/10/2020;19/10/2020;analista2;49,26762278;23,34405277;47,38213749;0,661819194
25/10/2020;domingo;01/10/2020;19/10/2020;analista2;45,08669951;21,48574335;47,65428294;0,699405469
26/10/2020;lunes;01/10/2020;26/10/2020;analista2;44,08040094;22,10369544;50,14404354;0,717872297
27/10/2020;martes;01/10/2020;26/10/2020;analista2;44,76015474;23,1518911;51,72433213;0,718818538
28/10/2020;miércoles;01/10/2020;26/10/2020;analista2;46,00367094;22,63126982;49,19448679;0,697908948
29/10/2020;jueves;01/10/2020;26/10/2020;analista2;44,31097826;22,9274767;51,74220385;0,722553504
30/10/2020;viernes;01/10/2020;26/10/2020;analista2;46,8845949;24,67554087;52,63038088;0,705154816
31/10/2020;sábado;01/10/2020;26/10/2020;analista2;44,20632111;22,16945304;50,14996155;0,716860938
01/11/2020;domingo;01/11/2020;26/10/2020;analista1;44,45932568;22,69617743;51,04930649;0,718472547
02/11/2020;lunes;01/11/2020;02/11/2020;analista1;46,96350464;22,85206294;48,65919423;0,687464855
03/11/2020;martes;01/11/2020;02/11/2020;analista1;45,81359434;22,45497877;49,01378966;0,698773497
04/11/2020;miércoles;01/11/2020;02/11/2020;analista1;46,49383361;24,70402686;53,13398562;0,710611261
05/11/2020;jueves;01/11/2020;02/11/2020;analista1;44,38015015;22,36352599;50,39082993;0,716413909
06/11/2020;viernes;01/11/2020;02/11/2020;analista1;46,28701635;24,26026611;52,41268075;0,709178405
07/11/2020;sábado;01/11/2020;02/11/2020;analista1;44,71303938;22,93233201;51,28779507;0,717382037
08/11/2020;domingo;01/11/2020;02/11/2020;analista1;46,41607321;22,70111216;48,90786874;0,693204369
09/11/2020;lunes;01/11/2020;09/11/2020;analista1;44,43866325;23,56540665;53,02906282;0,726913487
10/11/2020;martes;01/11/2020;09/11/2020;analista1;45,28342263;23,30674462;51,46860211;0,713447057
11/11/2020;miércoles;01/11/2020;09/11/2020;analista1;46,65842028;24,1838662;51,83172953;0,70356502
12/11/2020;jueves;01/11/2020;09/11/2020;analista1;44,81606451;22,98268397;51,28224492;0,716513355
13/11/2020;viernes;01/11/2020;09/11/2020;analista1;45,24693089;22,08552931;48,81111023;0,702732992
14/11/2020;sábado;01/11/2020;09/11/2020;analista1;44,03047743;22,08789513;50,16501391;0,718367482
15/11/2020;domingo;01/11/2020;09/11/2020;analista1;47,17268997;24,10390856;51,09716782;0,696047834
16/11/2020;lunes;01/11/2020;16/11/2020;analista1;42,55134326;22,33247363;52,48359257;0,739674088
17/11/2020;martes;01/11/2020;16/11/2020;analista1;44,7907522;23,61435345;52,72149336;0,722769922
18/11/2020;miércoles;01/11/2020;16/11/2020;analista1;43,75719153;22,08388519;50,46915586;0,721837949
19/11/2020;jueves;01/11/2020;16/11/2020;analista1;47,39205252;23,87072208;50,36861839;0,691034368
20/11/2020;viernes;01/11/2020;16/11/2020;analista1;44,82929091;21,10665584;47,08228796;0,699307523
21/11/2020;sábado;01/11/2020;16/11/2020;analista1;45,37711362;22,00459392;48,49271397;0,700334662
22/11/2020;domingo;01/11/2020;16/11/2020;analista1;45,28678994;22,12850361;48,86304293;0,702608947
23/11/2020;lunes;01/11/2020;23/11/2020;analista1;45,61369412;24,02744889;52,67595477;0,715867838
24/11/2020;martes;01/11/2020;23/11/2020;analista1;46,54748313;23,37148468;50,20998583;0,697553863
25/11/2020;miércoles;01/11/2020;23/11/2020;analista1;45,97380643;22,66937605;49,30933028;0,698639049
26/11/2020;jueves;01/11/2020;23/11/2020;analista1;43,17551839;21,49873413;49,79380662;0,723867074
27/11/2020;viernes;01/11/2020;23/11/2020;analista1;46,07745934;21,85252995;47,42563993;0,690010062
28/11/2020;sábado;01/11/2020;23/11/2020;analista1;44,77154968;23,49674201;52,48141326;0,721909782
29/11/2020;domingo;01/11/2020;23/11/2020;analista1;46,4364142;22,52662021;48,5106798;0,691380522
30/11/2020;lunes;01/11/2020;30/11/2020;analista1;44,65578903;21,73383671;48,66969587;0,707128197
01/12/2020;martes;01/12/2020;30/11/2020;analista2;44,70820159;21,11907819;47,23759276;0,700952742
02/12/2020;miércoles;01/12/2020;30/11/2020;analista2;44,9564979;23,01339004;51,19035315;0,714975008
03/12/2020;jueves;01/12/2020;30/11/2020;analista2;44,47108165;23,73532512;53,37249339;0,72810798
04/12/2020;viernes;01/12/2020;30/11/2020;analista2;44,29931211;24,07013438;54,33523283;0,733580752
05/12/2020;sábado;01/12/2020;30/11/2020;analista2;47,04915999;23,41505972;49,76722161;0,691400161
06/12/2020;domingo;01/12/2020;30/11/2020;analista2;45,54917535;21,65028592;47,53167483;0,694971581
07/12/2020;lunes;01/12/2020;07/12/2020;analista2;42,58289918;21,50456591;50,50047396;0,731470582
08/12/2020;martes;01/12/2020;07/12/2020;analista2;46,31616253;23,63908702;51,0385268;0,703027706
09/12/2020;miércoles;01/12/2020;07/12/2020;analista2;46,38726241;23,79289462;51,29187063;0,703513633
10/12/2020;jueves;01/12/2020;07/12/2020;analista2;45,90569749;23,31064184;50,77940892;0,705369087
11/12/2020;viernes;01/12/2020;07/12/2020;analista2;46,45655748;23,14535015;49,82149218;0,69668449
12/12/2020;sábado;01/12/2020;07/12/2020;analista2;46,16077659;24,40257687;52,86431181;0,712183315
13/12/2020;domingo;01/12/2020;07/12/2020;analista2;49,60651168;25,77141515;51,95167788;0,678895986
14/12/2020;lunes;01/12/2020;14/12/2020;analista2;47,55520099;22,99006295;48,34395076;0,681013399
15/12/2020;martes;01/12/2020;14/12/2020;analista2;47,32023793;24,50983189;51,79566495;0,697836068
16/12/2020;miércoles;01/12/2020;14/12/2020;analista2;45,59746642;22,27867867;48,85946614;0,699969232
17/12/2020;jueves;01/12/2020;14/12/2020;analista2;45,45106651;22,51041783;49,52670983;0,703951834
18/12/2020;viernes;01/12/2020;14/12/2020;analista2;43,91076151;21,29180868;48,48881674;0,712622632
19/12/2020;sábado;01/12/2020;14/12/2020;analista2;42,54835419;21,12336608;49,64555383;0,728373448
20/12/2020;domingo;01/12/2020;14/12/2020;analista2;46,95425645;23,11452594;49,22775418;0,689931931
21/12/2020;lunes;01/12/2020;21/12/2020;analista2;43,04410131;21,0897683;48,99572219;0,721780908
22/12/2020;martes;01/12/2020;21/12/2020;analista2;46,56571397;23,43252623;50,32141512;0,697871869
23/12/2020;miércoles;01/12/2020;21/12/2020;analista2;46,01035097;22,46328554;48,8222434;0,696310766
24/12/2020;jueves;01/12/2020;21/12/2020;analista2;43,88715932;21,68479312;49,41033655;0,716499936
25/12/2020;viernes;01/12/2020;21/12/2020;analista2;45,7912512;23,67174721;51,69491243;0,710205551
26/12/2020;sábado;01/12/2020;21/12/2020;analista2;48,56727902;24,30566311;50,04534658;0,679479114
27/12/2020;domingo;01/12/2020;21/12/2020;analista2;43,14266774;22,24118944;51,55265217;0,731201157
28/12/2020;lunes;01/12/2020;28/12/2020;analista2;47,81947461;23,91214519;50,00503537;0,685793094
29/12/2020;martes;01/12/2020;28/12/2020;analista2;41,53340118;22,27882763;53,64074936;0,752260897
30/12/2020;miércoles;01/12/2020;28/12/2020;analista2;47,19503029;23,19793118;49,15333466;0,687546189
31/12/2020;jueves;01/12/2020;28/12/2020;analista2;43,49371682;21,50672257;49,44788383;0,719886913
01/01/2021;viernes;01/01/2021;28/12/2020;analista1;43,66662744;21,43051635;49,07756245;0,716987944
02/01/2021;sábado;01/01/2021;28/12/2020;analista1;43,86628811;22,23814817;50,69530413;0,721866964
03/01/2021;domingo;01/01/2021;28/12/2020;analista1;44,42905255;20,8036092;46,8243368;0,701685353
04/01/2021;lunes;01/01/2021;04/01/2021;analista1;44,69535174;24,07982556;53,87545823;0,728457866
05/01/2021;martes;01/01/2021;04/01/2021;analista1;44,08565114;23,29169635;52,83282824;0,728921723
06/01/2021;miércoles;01/01/2021;04/01/2021;analista1;43,079836;22,62075113;52,50890725;0,735599852
07/01/2021;jueves;01/01/2021;04/01/2021;analista1;43,61496013;22,57155119;51,75185562;0,728221225
08/01/2021;viernes;01/01/2021;04/01/2021;analista1;45,39444009;23,11688378;50,92448268;0,710241241
09/01/2021;sábado;01/01/2021;04/01/2021;analista1;43,10461573;22,02721115;51,10174579;0,729682561
10/01/2021;domingo;01/01/2021;04/01/2021;analista1;43,79987435;24,06473901;54,94248412;0,740105781
11/01/2021;lunes;01/01/2021;11/01/2021;analista1;47,84108244;23,89178674;49,93989585;0,68532574
12/01/2021;martes;01/01/2021;11/01/2021;analista1;45,49884397;23,904029;52,5376623;0,716216053
13/01/2021;miércoles;01/01/2021;11/01/2021;analista1;45,5419727;22,72310125;49,89485502;0,704712898
14/01/2021;jueves;01/01/2021;11/01/2021;analista1;44,09874197;22,69362434;51,46093364;0,723113166
15/01/2021;viernes;01/01/2021;11/01/2021;analista1;44,18210028;23,01404799;52,08907644;0,725040066
16/01/2021;sábado;01/01/2021;11/01/2021;analista1;44,60567628;23,43462075;52,53730624;0,72349049
17/01/2021;domingo;01/01/2021;11/01/2021;analista1;44,76665928;22,19889396;49,58800661;0,709930019
18/01/2021;lunes;01/01/2021;18/01/2021;analista1;41,56699451;22,25567067;53,54168837;0,751604728
19/01/2021;martes;01/01/2021;18/01/2021;analista1;46,29985916;23,85121285;51,51465529;0,705200212
20/01/2021;miércoles;01/01/2021;18/01/2021;analista1;44,73900254;22,39019803;50,04626112;0,712036316
21/01/2021;jueves;01/01/2021;18/01/2021;analista1;43,76641995;21,88622247;50,00688313;0,719893236
22/01/2021;viernes;01/01/2021;18/01/2021;analista1;45,00090626;22,16751427;49,26015075;0,706634167
23/01/2021;sábado;01/01/2021;18/01/2021;analista1;44,19097772;22,5189877;50,9583378;0,72029289
24/01/2021;domingo;01/01/2021;18/01/2021;analista1;45,29865105;22,2408259;49,09820797;0,703471321
25/01/2021;lunes;01/01/2021;25/01/2021;analista1;42,11427422;22,63256048;53,74082992;0,748192342
26/01/2021;martes;01/01/2021;25/01/2021;analista1;44,02290371;23,05517156;52,37085611;0,727496538
27/01/2021;miércoles;01/01/2021;25/01/2021;analista1;42,72109656;21,71093965;50,82018345;0,731633554
28/01/2021;jueves;01/01/2021;25/01/2021;analista1;44,5307944;21,7197833;48,77474922;0,708598008
29/01/2021;viernes;01/01/2021;25/01/2021;analista1;48,29005525;24,06477424;49,83380971;0,680974399
30/01/2021;sábado;01/01/2021;25/01/2021;analista1;45,71122377;23,63366607;51,70210753;0,710899338
31/01/2021;domingo;01/01/2021;25/01/2021;analista1;45,22953214;21,29541563;47,08298898;0,695899334
01/02/2021;lunes;01/02/2021;01/02/2021;analista2;43,08888531;21,99805335;51,05273248;0,729611466
02/02/2021;martes;01/02/2021;01/02/2021;analista2;45,9553182;22,20849035;48,32626825;0,694737537
03/02/2021;miércoles;01/02/2021;01/02/2021;analista2;45,90600543;23,93243779;52,13356632;0,711130908
04/02/2021;jueves;01/02/2021;01/02/2021;analista2;45,40447004;24,05489616;52,9791365;0,718881497
05/02/2021;viernes;01/02/2021;01/02/2021;analista2;42,06425055;21,43574392;50,95952891;0,737431401
06/02/2021;sábado;01/02/2021;01/02/2021;analista2;44,86914763;23,9666491;53,41454066;0,725087764
07/02/2021;domingo;01/02/2021;01/02/2021;analista2;43,07524091;22,93067027;53,23399193;0,738617545
08/02/2021;lunes;01/02/2021;08/02/2021;analista2;43,59764918;21,95963044;50,36884064;0,722733005
09/02/2021;martes;01/02/2021;08/02/2021;analista2;44,38676802;22,19878112;50,01215926;0,714811834
10/02/2021;miércoles;01/02/2021;08/02/2021;analista2;43,79963772;21,08799341;48,1465019;0,712190257
11/02/2021;jueves;01/02/2021;08/02/2021;analista2;41,91019636;20,90296886;49,87561662;0,734411934
12/02/2021;viernes;01/02/2021;08/02/2021;analista2;44,56166274;22,29506211;50,03193493;0,713446774
13/02/2021;sábado;01/02/2021;08/02/2021;analista2;45,78645552;23,2466044;50,77179295;0,70633415
14/02/2021;domingo;01/02/2021;08/02/2021;analista2;45,20626113;23,81239703;52,67499775;0,719194944
15/02/2021;lunes;01/02/2021;15/02/2021;analista2;43,81516131;21,40269422;48,8476901;0,714844334
16/02/2021;martes;01/02/2021;15/02/2021;analista2;42,86956627;22,12634917;51,61318646;0,733629837
17/02/2021;miércoles;01/02/2021;15/02/2021;analista2;45,19293438;22,85970917;50,58248481;0,710485597
18/02/2021;jueves;01/02/2021;15/02/2021;analista2;42,2191789;20,74880098;49,14543939;0,729084504
19/02/2021;viernes;01/02/2021;15/02/2021;analista2;42,67234783;23,19748719;54,3618722;0,746429382
20/02/2021;sábado;01/02/2021;15/02/2021;analista2;43,03772754;22,97464836;53,38257774;0,739526289
21/02/2021;domingo;01/02/2021;15/02/2021;analista2;42,17991441;21,29022685;50,47479861;0,734598555
22/02/2021;lunes;01/02/2021;22/02/2021;analista2;43,87282276;23,72734325;54,08209857;0,735875471
23/02/2021;martes;01/02/2021;22/02/2021;analista2;43,14134831;22,40440551;51,93255748;0,732756184
24/02/2021;miércoles;01/02/2021;22/02/2021;analista2;43,75770357;21,30653062;48,69206765;0,714700939
25/02/2021;jueves;01/02/2021;22/02/2021;analista2;44,40755197;21,8482267;49,19934951;0,71133956
26/02/2021;viernes;01/02/2021;22/02/2021;analista2;42,60278195;21,96815105;51,56506228;0,735561426
27/02/2021;sábado;01/02/2021;22/02/2021;analista2;44,58315726;23,05598283;51,71455825;0,720222894
28/02/2021;domingo;01/02/2021;22/02/2021;analista2;44,49024615;22,72262337;51,07326963;0,718318301
01/03/2021;lunes;01/03/2021;01/03/2021;analista1;44,61112313;21,95799218;49,22089075;0,709731572
02/03/2021;martes;01/03/2021;01/03/2021;analista1;45,0778701;22,87583288;50,74736857;0,712126068
03/03/2021;miércoles;01/03/2021;01/03/2021;analista1;42,4576464;21,25115022;50,05258658;0,730707226
04/03/2021;jueves;01/03/2021;01/03/2021;analista1;45,73017735;23,3863148;51,13978593;0,708356771
05/03/2021;viernes;01/03/2021;01/03/2021;analista1;44,60391734;23,81497845;53,39212308;0,727125641
06/03/2021;sábado;01/03/2021;01/03/2021;analista1;44,94923884;21,67682167;48,225114;0,702866793
07/03/2021;domingo;01/03/2021;01/03/2021;analista1;43,23497967;21,31732253;49,30573043;0,721442408
08/03/2021;lunes;01/03/2021;08/03/2021;analista1;44,11318942;21,95665566;49,77344858;0,716099637
09/03/2021;martes;01/03/2021;08/03/2021;analista1;44,66229584;22,9309235;51,34291256;0,718027342
10/03/2021;miércoles;01/03/2021;08/03/2021;analista1;42,54400028;20,14351903;47,34749647;0,719490754
11/03/2021;jueves;01/03/2021;08/03/2021;analista1;43,53079843;23,16962397;53,22581896;0,73498536
12/03/2021;viernes;01/03/2021;08/03/2021;analista1;44,95168272;23,59692226;52,49396871;0,720498688
13/03/2021;sábado;01/03/2021;08/03/2021;analista1;46,53110961;24,13813734;51,87526699;0,704819108
14/03/2021;domingo;01/03/2021;08/03/2021;analista1;46,56272966;23,40608991;50,26786463;0,697669962
15/03/2021;lunes;01/03/2021;15/03/2021;analista1;43,22626165;21,17511292;48,98668566;0,720251439
16/03/2021;martes;01/03/2021;15/03/2021;analista1;43,57304777;21,24089652;48,74778701;0,716449905
17/03/2021;miércoles;01/03/2021;15/03/2021;analista1;45,74001327;24,57335557;53,72397998;0,719374263
18/03/2021;jueves;01/03/2021;15/03/2021;analista1;44,40925596;22,53533008;50,74466931;0,717627069
19/03/2021;viernes;01/03/2021;15/03/2021;analista1;44,6660402;22,51368146;50,40447141;0,714112644
20/03/2021;sábado;01/03/2021;15/03/2021;analista1;45,00784743;23,13431915;51,40063449;0,715431802
21/03/2021;domingo;01/03/2021;15/03/2021;analista1;44,44761279;22,99430127;51,7334899;0,721406183
22/03/2021;lunes;01/03/2021;22/03/2021;analista1;43,47203728;21,65988782;49,82487405;0,721571123
23/03/2021;martes;01/03/2021;22/03/2021;analista1;42,68106305;22,48598698;52,68375569;0,739465481
24/03/2021;miércoles;01/03/2021;22/03/2021;analista1;46,04398616;22,30783197;48,448959;0,694484595
25/03/2021;jueves;01/03/2021;22/03/2021;analista1;44,63144211;23,21370006;52,01198745;0,721073394
26/03/2021;viernes;01/03/2021;22/03/2021;analista1;46,13662049;23,36842763;50,65049712;0,702887568
27/03/2021;sábado;01/03/2021;22/03/2021;analista1;46,53419716;24,70326691;53,08626433;0,710068029
28/03/2021;domingo;01/03/2021;22/03/2021;analista1;44,37311163;22,57279039;50,87042481;0,718441084
29/03/2021;lunes;01/03/2021;29/03/2021;analista1;44,83469427;23,11765331;51,56197379;0,717528901
30/03/2021;martes;01/03/2021;29/03/2021;analista1;45,74630337;23,18484601;50,68135413;0,706288978
31/03/2021;miércoles;01/03/2021;29/03/2021;analista1;44,93893331;22,22461577;49,45514752;0,707949787
01/04/2021;jueves;01/04/2021;29/03/2021;analista2;41,85939984;22,43225408;53,58952629;0,749546084
02/04/2021;viernes;01/04/2021;29/03/2021;analista2;41,44865118;19,40100769;46,80733182;0,726452616
03/04/2021;sábado;01/04/2021;29/03/2021;analista2;44,76879696;23,0617433;51,51298419;0,717863978
04/04/2021;domingo;01/04/2021;29/03/2021;analista2;43,93504292;23,38869836;53,23472291;0,731810528
05/04/2021;lunes;01/04/2021;05/04/2021;analista2;44,22654281;23,31666055;52,72096588;0,727321705
06/04/2021;martes;01/04/2021;05/04/2021;analista2;43,29983157;21,9454008;50,68241608;0,726416752
07/04/2021;miércoles;01/04/2021;05/04/2021;analista2;41,88398731;19,98844874;47,72336643;0,726345281
08/04/2021;jueves;01/04/2021;05/04/2021;analista2;41,84875633;19,54512708;46,70420053;0,722780878
09/04/2021;viernes;01/04/2021;05/04/2021;analista2;45,62480442;23,49474622;51,49555492;0,710738059
10/04/2021;sábado;01/04/2021;05/04/2021;analista2;44,36271405;22,28467904;50,23290283;0,715911422
11/04/2021;domingo;01/04/2021;05/04/2021;analista2;46,86257139;23,85756884;50,90964524;0,69786882
12/04/2021;lunes;01/04/2021;12/04/2021;analista2;46,85574953;22,68135576;48,40677181;0,687340692
13/04/2021;martes;01/04/2021;12/04/2021;analista2;42,76040714;21,2886803;49,78596259;0,727209162
14/04/2021;miércoles;01/04/2021;12/04/2021;analista2;46,30297763;23,69935309;51,18321608;0,703755794
15/04/2021;jueves;01/04/2021;12/04/2021;analista2;45,73977005;23,15818835;50,63031214;0,706128978
16/04/2021;viernes;01/04/2021;12/04/2021;analista2;44,69810991;22,81659561;51,04599647;0,716499752
17/04/2021;sábado;01/04/2021;12/04/2021;analista2;45,42123835;23,03887655;50,72269578;0,709173141
18/04/2021;domingo;01/04/2021;12/04/2021;analista2;44,89457212;24,03164378;53,52906298;0,72537344
19/04/2021;lunes;01/04/2021;19/04/2021;analista2;44,39603188;22,61297039;50,93466564;0,718517927
20/04/2021;martes;01/04/2021;19/04/2021;analista2;42,43534496;21,57472799;50,84141065;0,734006444
21/04/2021;miércoles;01/04/2021;19/04/2021;analista2;42,66946112;21,32478126;49,97668285;0,728698818
22/04/2021;jueves;01/04/2021;19/04/2021;analista2;43,35418781;21,88704858;50,48427771;0,725178234
23/04/2021;viernes;01/04/2021;19/04/2021;analista2;45,30204305;22,00558896;48,57526832;0,701306109
24/04/2021;sábado;01/04/2021;19/04/2021;analista2;45,75565751;24,36892354;53,25882058;0,717222933
25/04/2021;domingo;01/04/2021;19/04/2021;analista2;43,65902239;22,86570423;52,37337662;0,730427069
26/04/2021;lunes;01/04/2021;26/04/2021;analista2;46,99078917;22,43349935;47,74020557;0,683403407
27/04/2021;martes;01/04/2021;26/04/2021;analista2;43,05030917;21,23041806;49,31536722;0,722990899
28/04/2021;miércoles;01/04/2021;26/04/2021;analista2;42,61664203;20,98381149;49,23853803;0,726222804
29/04/2021;jueves;01/04/2021;26/04/2021;analista2;44,33520346;22,17999964;50,02796403;0,715301931
30/04/2021;viernes;01/04/2021;26/04/2021;analista2;41,86503293;20,82394659;49,74066692;0,734249367
01/05/2021;sábado;01/05/2021;26/04/2021;analista1;42,4423627;21,46601952;50,57687215;0,732901057
02/05/2021;domingo;01/05/2021;26/04/2021;analista1;43,00040414;22,24017553;51,72085234;0,733021149
03/05/2021;lunes;01/05/2021;03/05/2021;analista1;44,9174642;21,54277214;47,96079325;0,70207089
04/05/2021;martes;01/05/2021;03/05/2021;analista1;46,05331196;23,14099986;50,24828591;0,701891619
05/05/2021;miércoles;01/05/2021;03/05/2021;analista1;44,32105801;22,30544701;50,32697325;0,716638939
06/05/2021;jueves;01/05/2021;03/05/2021;analista1;43,49740356;21,01277884;48,30812215;0,715338451
07/05/2021;viernes;01/05/2021;03/05/2021;analista1;44,27906756;21,52894395;48,62104181;0,710082612
08/05/2021;sábado;01/05/2021;03/05/2021;analista1;44,5091228;21,93182126;49,2748899;0,710800202
09/05/2021;domingo;01/05/2021;03/05/2021;analista1;44,07316827;21,9848273;49,88256612;0,716871216
10/05/2021;lunes;01/05/2021;10/05/2021;analista1;44,93655399;21,88038259;48,69172344;0,704860672
11/05/2021;martes;01/05/2021;10/05/2021;analista1;43,71607421;20,36023227;46,57378924;0,706731416
12/05/2021;miércoles;01/05/2021;10/05/2021;analista1;43,48976644;22,19883782;51,04381935;0,726341766
13/05/2021;jueves;01/05/2021;10/05/2021;analista1;43,98817723;22,14236634;50,3370854;0,719413372
14/05/2021;viernes;01/05/2021;10/05/2021;analista1;44,86780741;22,56027736;50,28165775;0,711936855
15/05/2021;sábado;01/05/2021;10/05/2021;analista1;45,01287949;22,64551288;50,30896299;0,710845906
16/05/2021;domingo;01/05/2021;10/05/2021;analista1;44,18748246;22,47769241;50,86891392;0,719954285
17/05/2021;lunes;01/05/2021;17/05/2021;analista1;44,54926866;22,47112933;50,44107347;0,715226868
18/05/2021;martes;01/05/2021;17/05/2021;analista1;45,1060394;23,04608855;51,09313266;0,713335548
19/05/2021;miércoles;01/05/2021;17/05/2021;analista1;45,42522984;22,85906706;50,32240263;0,707468371
20/05/2021;jueves;01/05/2021;17/05/2021;analista1;44,86588165;23,81557571;53,0817067;0,723692787
21/05/2021;viernes;01/05/2021;17/05/2021;analista1;45,17664742;22,29111532;49,34211943;0,705496583
22/05/2021;sábado;01/05/2021;17/05/2021;analista1;42,88688509;21,92538972;51,12376353;0,731519693
23/05/2021;domingo;01/05/2021;17/05/2021;analista1;45,80908558;23,42612692;51,1386041;0,707694573
24/05/2021;lunes;01/05/2021;24/05/2021;analista1;45,19657124;22,40347149;49,56896258;0,706261347
25/05/2021;martes;01/05/2021;24/05/2021;analista1;46,00297704;22,67526609;49,29086671;0,698315018
26/05/2021;miércoles;01/05/2021;24/05/2021;analista1;45,23633069;21,97398727;48,57597186;0,701864255
27/05/2021;jueves;01/05/2021;24/05/2021;analista1;43,924255;21,41962004;48,7649023;0,713610001
28/05/2021;viernes;01/05/2021;24/05/2021;analista1;46,28593049;24,68851048;53,33912534;0,71322543
29/05/2021;sábado;01/05/2021;24/05/2021;analista1;43,84490535;21,84192517;49,81633556;0,718481037
30/05/2021;domingo;01/05/2021;24/05/2021;analista1;43,24571773;22,26169302;51,47721944;0,730068411
31/05/2021;lunes;01/05/2021;31/05/2021;analista1;43,13615339;20,96250074;48,596129;0,719454021
01/06/2021;martes;01/06/2021;31/05/2021;analista2;43,32955702;20,48306178;47,27272373;0,712683917
02/06/2021;miércoles;01/06/2021;31/05/2021;analista2;44,45046397;22,34715047;50,27427944;0,715357342
03/06/2021;jueves;01/06/2021;31/05/2021;analista2;45,00985319;22,07088966;49,03568462;0,7056432
04/06/2021;viernes;01/06/2021;31/05/2021;analista2;44,52480369;23,29270511;52,31399845;0,723206266
05/06/2021;sábado;01/06/2021;31/05/2021;analista2;48,04840438;24,43291586;50,85062901;0,687489748
06/06/2021;domingo;01/06/2021;31/05/2021;analista2;44,03487487;22,02427748;50,01553325;0,717724996
07/06/2021;lunes;01/06/2021;07/06/2021;analista2;45,1337559;24,57560599;54,4506113;0,727433675
08/06/2021;martes;01/06/2021;07/06/2021;analista2;46,17197168;23,48143962;50,85648016;0,703463683
09/06/2021;miércoles;01/06/2021;07/06/2021;analista2;46,33555815;23,12165538;49,90045725;0,69804367
10/06/2021;jueves;01/06/2021;07/06/2021;analista2;46,44683445;23,57308254;50,75282916;0,700710788
11/06/2021;viernes;01/06/2021;07/06/2021;analista2;45,62917263;21,90824309;48,01367595;0,69624285
12/06/2021;sábado;01/06/2021;07/06/2021;analista2;46,12461462;22,78074634;49,38956462;0,697693682
13/06/2021;domingo;01/06/2021;07/06/2021;analista2;43,91604909;21,59554558;49,17460935;0,715315875
14/06/2021;lunes;01/06/2021;14/06/2021;analista2;45,62043402;23,21835085;50,89462945;0,708236494
15/06/2021;martes;01/06/2021;14/06/2021;analista2;48,75422745;23,83010706;48,87803234;0,67278252
16/06/2021;miércoles;01/06/2021;14/06/2021;analista2;45,22389569;22,69078541;50,17432723;0,708532671
17/06/2021;jueves;01/06/2021;14/06/2021;analista2;46,72784627;23,1524113;49,54735378;0,693218286
18/06/2021;viernes;01/06/2021;14/06/2021;analista2;46,50898591;23,8566182;51,29464281;0,702503787
19/06/2021;sábado;01/06/2021;14/06/2021;analista2;44,2114733;22,61255841;51,146358;0,720898967
20/06/2021;domingo;01/06/2021;14/06/2021;analista2;46,69574509;22,33172796;47,82390326;0,686306693
21/06/2021;lunes;01/06/2021;21/06/2021;analista2;45,71857205;22,40883446;49,01472957;0,699582582
22/06/2021;martes;01/06/2021;21/06/2021;analista2;46,01256928;22,92316045;49,81934461;0,700436487
23/06/2021;miércoles;01/06/2021;21/06/2021;analista2;46,92256226;23,29312291;49,64162609;0,691951488
24/06/2021;jueves;01/06/2021;21/06/2021;analista2;45,67872411;22,23790412;48,68328647;0,69855725
25/06/2021;viernes;01/06/2021;21/06/2021;analista2;47,34420425;23,49947023;49,63536846;0,688306289
26/06/2021;sábado;01/06/2021;21/06/2021;analista2;47,22573733;22,83216893;48,34687655;0,683889413
27/06/2021;domingo;01/06/2021;21/06/2021;analista2;43,64446742;22,75586327;52,13917048;0,729576832
28/06/2021;lunes;01/06/2021;28/06/2021;analista2;45,3761093;22,82760036;50,30753125;0,707816408
29/06/2021;martes;01/06/2021;28/06/2021;analista2;42,34316194;20,89830907;49,35462566;0,72889514
30/06/2021;miércoles;01/06/2021;28/06/2021;analista2;46,91854831;24,96794806;53,21551702;0,707450354
01/07/2021;jueves;01/07/2021;28/06/2021;analista3;43,34062711;21,83937449;50,39007496;0,72490941
02/07/2021;viernes;01/07/2021;28/06/2021;analista3;48,71504238;25,49238923;52,32960496;0,688318376
03/07/2021;sábado;01/07/2021;28/06/2021;analista3;46,12770246;24,84189996;53,85462234;0,716786315
04/07/2021;domingo;01/07/2021;28/06/2021;analista3;46,77447948;22,660455;48,44619385;0,688205762
05/07/2021;lunes;01/07/2021;05/07/2021;analista3;45,07705734;24,04539903;53,34287652;0,723102247
06/07/2021;martes;01/07/2021;05/07/2021;analista3;49,60061077;24,33951005;49,07098858;0,6661256
07/07/2021;miércoles;01/07/2021;05/07/2021;analista3;42,47019879;22,60674511;53,22966633;0,743343865
08/07/2021;jueves;01/07/2021;05/07/2021;analista3;46,65542679;24,35873566;52,20986567;0,705231115
09/07/2021;viernes;01/07/2021;05/07/2021;analista3;49,45381575;24,04741479;48,62600474;0,665496561
10/07/2021;sábado;01/07/2021;05/07/2021;analista3;44,67872639;23,48747509;52,56970596;0,723035525
11/07/2021;domingo;01/07/2021;05/07/2021;analista3;47,17197367;24,62859852;52,21023545;0,7009028
12/07/2021;lunes;01/07/2021;12/07/2021;analista3;47,79125233;24,38266301;51,01909204;0,690433567
13/07/2021;martes;01/07/2021;12/07/2021;analista3;48,36556628;24,54115514;50,74096517;0,684272782
14/07/2021;miércoles;01/07/2021;12/07/2021;analista3;48,85935899;24,82186619;50,80268489;0,680259517
15/07/2021;jueves;01/07/2021;12/07/2021;analista3;46,56661775;23,56959506;50,61478845;0,699111594
16/07/2021;viernes;01/07/2021;12/07/2021;analista3;45,45934414;22,71176762;49,96061437;0,705678655
17/07/2021;sábado;01/07/2021;12/07/2021;analista3;45,52731824;23,08465433;50,70506066;0,708216043
18/07/2021;domingo;01/07/2021;12/07/2021;analista3;45,85115428;23,42005056;51,07843179;0,707089076
19/07/2021;lunes;01/07/2021;19/07/2021;analista3;45,40292456;23,7202005;52,24377224;0,715747495
20/07/2021;martes;01/07/2021;19/07/2021;analista3;46,11571509;24,55521881;53,24696531;0,714221502
21/07/2021;miércoles;01/07/2021;19/07/2021;analista3;44,29451305;22,95859213;51,83168422;0,723059047
22/07/2021;jueves;01/07/2021;19/07/2021;analista3;44,07184371;22,10927457;50,16643894;0,718033578
23/07/2021;viernes;01/07/2021;19/07/2021;analista3;45,35374153;23,90788678;52,71425461;0,718159296
24/07/2021;sábado;01/07/2021;19/07/2021;analista3;47,09478812;24,32442787;51,64993589;0,699105542
25/07/2021;domingo;01/07/2021;19/07/2021;analista3;46,15821191;21,99254526;47,64600784;0,690213368
26/07/2021;lunes;01/07/2021;26/07/2021;analista3;47,93017603;24,62838903;51,38389022;0,69084133
27/07/2021;martes;01/07/2021;26/07/2021;analista3;47,87821227;23,8202272;49,75170556;0,684194581
28/07/2021;miércoles;01/07/2021;26/07/2021;analista3;43,11741401;21,42908035;49,69936357;0,723964875
29/07/2021;jueves;01/07/2021;26/07/2021;analista3;41,86278548;22,67538287;54,16596772;0,751859067
30/07/2021;viernes;01/07/2021;26/07/2021;analista3;42,01974969;21,7822402;51,83810079;0,741267079
31/07/2021;sábado;01/07/2021;26/07/2021;analista3;47,96116555;25,29344526;52,73734482;0,696576554
01/08/2021;domingo;01/08/2021;26/07/2021;analista3;46,97887339;23,81299029;50,6887215;0,69593395
02/08/2021;lunes;01/08/2021;02/08/2021;analista3;45,02649245;22,42594892;49,80612012;0,70865846
03/08/2021;martes;01/08/2021;02/08/2021;analista3;42,16957584;22,08150892;52,36360215;0,742191274
04/08/2021;miércoles;01/08/2021;02/08/2021;analista3;43,42082953;21,98014366;50,62119701;0,72518937
05/08/2021;jueves;01/08/2021;02/08/2021;analista3;43,8580527;23,28104687;53,08271899;0,731787192
06/08/2021;viernes;01/08/2021;02/08/2021;analista3;47,57934066;22,90247874;48,13534283;0,67992665
07/08/2021;sábado;01/08/2021;02/08/2021;analista3;44,37000115;22,92531217;51,66849577;0,721767423
08/08/2021;domingo;01/08/2021;02/08/2021;analista3;47,40635017;24,30707118;51,27387174;0,694829103
09/08/2021;lunes;01/08/2021;09/08/2021;analista3;48,07967793;24,22687815;50,38901922;0,685207641
10/08/2021;martes;01/08/2021;09/08/2021;analista3;46,03849065;22,83741578;49,60504886;0,699322215
11/08/2021;miércoles;01/08/2021;09/08/2021;analista3;47,16809387;22,28078375;47,23698144;0,679779193
12/08/2021;jueves;01/08/2021;09/08/2021;analista3;47,87590712;24,83426922;51,87216433;0,693455546
13/08/2021;viernes;01/08/2021;09/08/2021;analista3;45,2855284;24,03616122;53,07691457;0,720269966
14/08/2021;sábado;01/08/2021;09/08/2021;analista3;48,87806207;25,42706778;52,02143191;0,685529406
15/08/2021;domingo;01/08/2021;09/08/2021;analista3;49,40986792;24,68273952;49,95508097;0,671693736
16/08/2021;lunes;01/08/2021;16/08/2021;analista3;46,61357979;23,68066607;50,80207566;0,699513707
17/08/2021;martes;01/08/2021;16/08/2021;analista3;46,72041807;24,35118118;52,12106866;0,704301571
18/08/2021;miércoles;01/08/2021;16/08/2021;analista3;44,35341656;21,61938598;48,74345126;0,7099534
19/08/2021;jueves;01/08/2021;16/08/2021;analista3;47,28012118;25,04797744;52,97781988;0,70338167
20/08/2021;viernes;01/08/2021;16/08/2021;analista3;41,81837025;21,50782909;51,43153347;0,741241185
21/08/2021;sábado;01/08/2021;16/08/2021;analista3;49,16500947;24,33460657;49,49578335;0,671839374
22/08/2021;domingo;01/08/2021;16/08/2021;analista3;43,69863743;20,36075659;46,59357313;0,706955016
23/08/2021;lunes;01/08/2021;23/08/2021;analista3;44,37922236;21,9133835;49,37757431;0,712295911
24/08/2021;martes;01/08/2021;23/08/2021;analista3;42,34717754;21,28361983;50,25983093;0,732412013
25/08/2021;miércoles;01/08/2021;23/08/2021;analista3;46,63891517;24,73243198;53,0296039;0,708951893
26/08/2021;jueves;01/08/2021;23/08/2021;analista3;46,88258657;23,67706042;50,50288849;0,695956075
27/08/2021;viernes;01/08/2021;23/08/2021;analista3;43,8856119;22,72003519;51,77103431;0,726118189
28/08/2021;sábado;01/08/2021;23/08/2021;analista3;44,53022537;22,09074783;49,60843482;0,711979297
29/08/2021;domingo;01/08/2021;23/08/2021;analista3;43,20044396;21,26650253;49,22750921;0,721415381
30/08/2021;lunes;01/08/2021;30/08/2021;analista3;47,88942196;23,67243577;49,43145021;0,682722927
31/08/2021;martes;01/08/2021;30/08/2021;analista3;49,69211188;26,63059325;53,59118832;0,685679364
01/09/2021;miércoles;01/09/2021;30/08/2021;analista1;45,90333537;22,73717899;49,53273832;0,700164244
02/09/2021;jueves;01/09/2021;30/08/2021;analista1;46,92632499;22,38915093;47,71128133;0,683843504
03/09/2021;viernes;01/09/2021;30/08/2021;analista1;46,98781447;23,71074064;50,46146731;0,694883998
04/09/2021;sábado;01/09/2021;30/08/2021;analista1;46,9306569;24,35415204;51,89390826;0,70154998
05/09/2021;domingo;01/09/2021;30/08/2021;analista1;46,32237723;22,56494286;48,7128343;0,693195366
06/09/2021;lunes;01/09/2021;06/09/2021;analista1;45,62668492;23,99429375;52,5882908;0,715384644
07/09/2021;martes;01/09/2021;06/09/2021;analista1;46,35886332;23,60784154;50,92411645;0,702181189
08/09/2021;miércoles;01/09/2021;06/09/2021;analista1;48,39061504;24,83993654;51,33213645;0,686659678
09/09/2021;jueves;01/09/2021;06/09/2021;analista1;46,02048426;22,49391506;48,87804945;0,696455198
10/09/2021;viernes;01/09/2021;06/09/2021;analista1;48,26404173;24,65055316;51,07436567;0,686613644
11/09/2021;sábado;01/09/2021;06/09/2021;analista1;47,66803829;25,09932672;52,65441503;0,698684797
12/09/2021;domingo;01/09/2021;06/09/2021;analista1;46,46497717;25,58136911;55,0551634;0,719376616
13/09/2021;lunes;01/09/2021;13/09/2021;analista1;47,16129606;22,21303884;47,10014501;0,679274562
14/09/2021;martes;01/09/2021;13/09/2021;analista1;47,80130739;23,95407145;50,11174958;0,686410089
15/09/2021;miércoles;01/09/2021;13/09/2021;analista1;45,58880366;22,55240283;49,46917009;0,702554996
16/09/2021;jueves;01/09/2021;13/09/2021;analista1;46,15065973;24,30372637;52,66170953;0,711386937
17/09/2021;viernes;01/09/2021;13/09/2021;analista1;46,84319205;22,3608355;47,73550759;0,684664863
18/09/2021;sábado;01/09/2021;13/09/2021;analista1;46,04480643;23,31240276;50,62982031;0,703571314
19/09/2021;domingo;01/09/2021;13/09/2021;analista1;45,15268173;23,51994593;52,08980957;0,717145391
20/09/2021;lunes;01/09/2021;20/09/2021;analista1;48,81780862;24,0462572;49,25714176;0,67386003
21/09/2021;martes;01/09/2021;20/09/2021;analista1;45,23286967;22,15845113;48,98749802;0,70357195
22/09/2021;miércoles;01/09/2021;20/09/2021;analista1;44,64129977;22,09928817;49,50413245;0,710631507
23/09/2021;jueves;01/09/2021;20/09/2021;analista1;43,95084466;21,95194183;49,94657555;0,718136449
24/09/2021;viernes;01/09/2021;20/09/2021;analista1;46,92104046;24,36571753;51,92919273;0,7017844
25/09/2021;sábado;01/09/2021;20/09/2021;analista1;47,8001292;24,43691554;51,1231161;0,690811806
26/09/2021;domingo;01/09/2021;20/09/2021;analista1;45,64465924;23,29258997;51,03026368;0,708606127
27/09/2021;lunes;01/09/2021;27/09/2021;analista1;45,31462248;23,3385399;51,50333077;0,713335977
28/09/2021;martes;01/09/2021;27/09/2021;analista1;45,41213923;21,93448482;48,30092833;0,699257036
29/09/2021;miércoles;01/09/2021;27/09/2021;analista1;47,99280824;24,49274987;51,03420861;0,688770836
30/09/2021;jueves;01/09/2021;27/09/2021;analista1;47,80494925;23,18167738;48,49221209;0,679460954
01/10/2021;viernes;01/10/2021;27/09/2021;analista2;43,64987249;21,77601756;49,88792938;0,720368943
02/10/2021;sábado;01/10/2021;27/09/2021;analista2;44,11924335;23,11489741;52,39187178;0,726808637
03/10/2021;domingo;01/10/2021;27/09/2021;analista2;44,99424539;23,19526012;51,55161491;0,716176563
04/10/2021;lunes;01/10/2021;04/10/2021;analista2;43,96522113;21,55955154;49,03774161;0,714360766
05/10/2021;martes;01/10/2021;04/10/2021;analista2;43,41657324;22,1473498;51,01128013;0,726801549
06/10/2021;miércoles;01/10/2021;04/10/2021;analista2;43,89058288;21,25080383;48,41768425;0,712507808
07/10/2021;jueves;01/10/2021;04/10/2021;analista2;42,01033414;21,21634315;50,5026765;0,736062125
08/10/2021;viernes;01/10/2021;04/10/2021;analista2;42,8465193;20,10867088;46,93186567;0,715390285
09/10/2021;sábado;01/10/2021;04/10/2021;analista2;44,93717524;21,97202177;48,89497761;0,705680527
10/10/2021;domingo;01/10/2021;04/10/2021;analista2;42,82009405;19,92169323;46,52416972;0,714049888
11/10/2021;lunes;01/10/2021;11/10/2021;analista2;42,2834638;20,79785441;49,18673291;0,728724402
12/10/2021;martes;01/10/2021;11/10/2021;analista2;42,9499932;21,34953776;49,70789555;0,725361367
13/10/2021;miércoles;01/10/2021;11/10/2021;analista2;41,7459856;22,18986192;53,15448085;0,748668693
14/10/2021;jueves;01/10/2021;11/10/2021;analista2;46,17167917;23,16409754;50,16949341;0,700562095
15/10/2021;viernes;01/10/2021;11/10/2021;analista2;43,8621078;21,03469078;47,95640664;0,710918412
16/10/2021;sábado;01/10/2021;11/10/2021;analista2;40,76370354;21,53178774;52,82098011;0,754908195
17/10/2021;domingo;01/10/2021;11/10/2021;analista2;44,9681158;23,13798929;51,45421123;0,715982885
18/10/2021;lunes;01/10/2021;18/10/2021;analista2;42,55616114;21,59192956;50,73749367;0,73262661
19/10/2021;martes;01/10/2021;18/10/2021;analista2;44,52561362;22,27604531;50,02973233;0,713736024
20/10/2021;miércoles;01/10/2021;18/10/2021;analista2;42,70672611;21,0477901;49,28448518;0,725670301
21/10/2021;jueves;01/10/2021;18/10/2021;analista2;42,25043591;22,5346228;53,33583505;0,74548871
22/10/2021;viernes;01/10/2021;18/10/2021;analista2;42,69194836;21,92049365;51,34573261;0,733970466
23/10/2021;sábado;01/10/2021;18/10/2021;analista2;45,19201951;23,55950979;52,13201368;0,717001949
24/10/2021;domingo;01/10/2021;18/10/2021;analista2;43,23301092;20,53340849;47,49474546;0,71435037
25/10/2021;lunes;01/10/2021;25/10/2021;analista2;41,18592537;21,68713077;52,65665534;0,751014172
26/10/2021;martes;01/10/2021;25/10/2021;analista2;40,97558762;21,50573198;52,48425521;0,75195825
27/10/2021;miércoles;01/10/2021;25/10/2021;analista2;41,67652355;20,82090886;49,95836286;0,736601994
28/10/2021;jueves;01/10/2021;25/10/2021;analista2;39,87557301;20,29683672;50,90042646;0,754354338
29/10/2021;viernes;01/10/2021;25/10/2021;analista2;42,11019931;22,16931351;52,6459477;0,74379147
30/10/2021;sábado;01/10/2021;25/10/2021;analista2;41,11751377;20,3450995;49,48037378;0,739219883
31/10/2021;domingo;01/10/2021;25/10/2021;analista2;43,59017795;21,20519356;48,646724;0,71590787
01/11/2021;lunes;01/11/2021;01/11/2021;analista1;45,21724732;22,39955783;49,53764141;0,705959285
02/11/2021;martes;01/11/2021;01/11/2021;analista1;45,23905772;22,54369165;49,83236341;0,706991379
03/11/2021;miércoles;01/11/2021;01/11/2021;analista1;42,79579807;20,63366174;48,21422351;0,720761512
04/11/2021;jueves;01/11/2021;01/11/2021;analista1;44,47461658;23,12389687;51,99347099;0,722271046
05/11/2021;viernes;01/11/2021;01/11/2021;analista1;43,96129527;22,03419513;50,12180601;0,718760036
06/11/2021;sábado;01/11/2021;01/11/2021;analista1;44,75064482;23,74636767;53,06374415;0,724547192
07/11/2021;domingo;01/11/2021;01/11/2021;analista1;43,12131658;23,02014123;53,38459737;0,738877472
08/11/2021;lunes;01/11/2021;08/11/2021;analista1;45,66311672;23,39164739;51,22656768;0,709281448
09/11/2021;martes;01/11/2021;08/11/2021;analista1;42,5436924;21,90877892;51,49712611;0,735758858
10/11/2021;miércoles;01/11/2021;08/11/2021;analista1;45,59774521;24,24811194;53,1783136;0,718163681
11/11/2021;jueves;01/11/2021;08/11/2021;analista1;45,89721204;25,09899387;54,68522543;0,722323915
12/11/2021;viernes;01/11/2021;08/11/2021;analista1;43,00234303;21,92702907;50,99031245;0,730056206
13/11/2021;sábado;01/11/2021;08/11/2021;analista1;44,64509766;21,63518713;48,46038706;0,70637446
14/11/2021;domingo;01/11/2021;08/11/2021;analista1;42,0826304;21,02529741;49,96193729;0,7333661
15/11/2021;lunes;01/11/2021;15/11/2021;analista1;44,37625681;23,04282787;51,92602876;0,722788294
16/11/2021;martes;01/11/2021;15/11/2021;analista1;44,67626957;23,34363858;52,25064403;0,721710885
17/11/2021;miércoles;01/11/2021;15/11/2021;analista1;43,35065391;22,15349475;51,10302325;0,727705706
18/11/2021;jueves;01/11/2021;15/11/2021;analista1;45,85464637;24,86414779;54,22383501;0,720632721
19/11/2021;viernes;01/11/2021;15/11/2021;analista1;45,58274404;23,6831288;51,9563473;0,713043592
20/11/2021;sábado;01/11/2021;15/11/2021;analista1;44,85962171;22,95795108;51,17731762;0,715717963
21/11/2021;domingo;01/11/2021;15/11/2021;analista1;41,97720275;21,30105662;50,74434508;0,737275429
22/11/2021;lunes;01/11/2021;22/11/2021;analista1;43,79645932;22,15820029;50,59358823;0,722022627
23/11/2021;martes;01/11/2021;22/11/2021;analista1;41,04291283;21,12000575;51,45835003;0,74742763
24/11/2021;miércoles;01/11/2021;22/11/2021;analista1;45,0328282;22,81584437;50,66491553;0,712156159
25/11/2021;jueves;01/11/2021;22/11/2021;analista1;45,45948892;23,75629647;52,25816882;0,715344462
26/11/2021;viernes;01/11/2021;22/11/2021;analista1;46,58226364;22,41405589;48,11714618;0,688497601
27/11/2021;sábado;01/11/2021;22/11/2021;analista1;45,06019881;22,71796319;50,41691734;0,710900016
28/11/2021;domingo;01/11/2021;22/11/2021;analista1;45,38185958;23,79510625;52,43307893;0,716727466
29/11/2021;lunes;01/11/2021;29/11/2021;analista1;45,98311403;24,0480163;52,29749399;0,71119783
30/11/2021;martes;01/11/2021;29/11/2021;analista1;42,84396739;19,45113831;45,39994658;0,709582127
01/12/2021;miércoles;01/12/2021;29/11/2021;analista2;46,50850042;24,02537035;51,65801978;0,704070554
02/12/2021;jueves;01/12/2021;29/11/2021;analista2;47,29984465;24,20615083;51,17596266;0,69530913
03/12/2021;viernes;01/12/2021;29/11/2021;analista2;41,98408632;20,70611644;49,31896407;0,731656858
04/12/2021;sábado;01/12/2021;29/11/2021;analista2;42,78825333;20,89146307;48,82522993;0,723205723
05/12/2021;domingo;01/12/2021;29/11/2021;analista2;46,15096559;23,58490704;51,10382142;0,70469108
06/12/2021;lunes;01/12/2021;06/12/2021;analista2;39,93089646;20,33369876;50,92221955;0,754008942
07/12/2021;martes;01/12/2021;06/12/2021;analista2;42,36292574;22,05655295;52,06569793;0,739472995
08/12/2021;miércoles;01/12/2021;06/12/2021;analista2;44,19620453;21,51334881;48,67691478;0,71099728
09/12/2021;jueves;01/12/2021;06/12/2021;analista2;44,63732635;21,90719349;49,0781937;0,708934358
10/12/2021;viernes;01/12/2021;06/12/2021;analista2;42,52374038;22,53946644;53,00443056;0,742007019
11/12/2021;sábado;01/12/2021;06/12/2021;analista2;41,43380259;20,83797072;50,29219963;0,739826883
12/12/2021;domingo;01/12/2021;06/12/2021;analista2;43,45876993;21,65313225;49,8245401;0,721678246
13/12/2021;lunes;01/12/2021;13/12/2021;analista2;43,24193755;21,36171466;49,40045675;0,721761191
14/12/2021;martes;01/12/2021;13/12/2021;analista2;46,0520781;24,5983946;53,41429879;0,715474447
15/12/2021;miércoles;01/12/2021;13/12/2021;analista2;44,64463032;22,31181157;49,97647289;0,712532636
16/12/2021;jueves;01/12/2021;13/12/2021;analista2;42,64096845;21,11704912;49,52291161;0,727141048
17/12/2021;viernes;01/12/2021;13/12/2021;analista2;45,07403372;24,03746333;53,32884889;0,72306651
18/12/2021;sábado;01/12/2021;13/12/2021;analista2;44,56271632;23,23026656;52,12937738;0,722124217
19/12/2021;domingo;01/12/2021;13/12/2021;analista2;45,45218483;23,12669693;50,8813757;0,709580739
20/12/2021;lunes;01/12/2021;20/12/2021;analista2;41,44398123;21,20031275;51,15414137;0,743099634
21/12/2021;martes;01/12/2021;20/12/2021;analista2;43,05909183;22,89183551;53,1637676;0,738454981
22/12/2021;miércoles;01/12/2021;20/12/2021;analista2;46,87548154;24,359588;51,96658722;0,70232984
23/12/2021;jueves;01/12/2021;20/12/2021;analista2;43,92012191;22,45029431;51,11619306;0,72314753
24/12/2021;viernes;01/12/2021;20/12/2021;analista2;43,92657165;23,30231968;53,04834593;0,731096796
25/12/2021;sábado;01/12/2021;20/12/2021;analista2;40,07325956;20,86681212;52,07166163;0,757289603
26/12/2021;domingo;01/12/2021;20/12/2021;analista2;43,60080504;20,29055837;46,53711864;0,70755978
27/12/2021;lunes;01/12/2021;27/12/2021;analista2;43,51624769;22,64935769;52,04804845;0,730229907
28/12/2021;martes;01/12/2021;27/12/2021;analista2;39,89302187;20,73978447;51,98850199;0,75834992
29/12/2021;miércoles;01/12/2021;27/12/2021;analista2;42,52403052;22,57068086;53,0774731;0,742302401
30/12/2021;jueves;01/12/2021;27/12/2021;analista2;45,89068146;23,73524803;51,7212804;0,709493143
31/12/2021;viernes;01/12/2021;27/12/2021;analista2;47,1372206;25,56492281;54,23510865;0,710186399
